{
  "id": "credebl-w3c-environment",
  "name": "CREDEBL W3C Issuance",
  "values": [
    {
      "key": "base_url",
      "value": "http://localhost:8004",
      "type": "default",
      "enabled": true,
      "description": "Agent admin API URL"
    },
    {
      "key": "api_key",
      "value": "YOUR_API_KEY_HERE",
      "type": "secret",
      "enabled": true,
      "description": "Agent API key for authentication"
    },
    {
      "key": "issuer_did",
      "value": "",
      "type": "default",
      "enabled": true,
      "description": "Auto-populated by Get DIDs request"
    },
    {
      "key": "holder_did",
      "value": "",
      "type": "default",
      "enabled": true,
      "description": "Auto-populated from connection"
    },
    {
      "key": "connection_id",
      "value": "",
      "type": "default",
      "enabled": true,
      "description": "Auto-populated by List Connections request"
    },
    {
      "key": "credential_record_id",
      "value": "",
      "type": "default",
      "enabled": true,
      "description": "Auto-populated by Issue Credential request"
    },
    {
      "key": "invitation_url",
      "value": "",
      "type": "default",
      "enabled": true,
      "description": "Auto-populated by Create OOB Invitation request"
    },
    {
      "key": "issuance_date",
      "value": "",
      "type": "default",
      "enabled": true,
      "description": "Auto-generated at credential issuance time"
    }
  ],
  "_postman_variable_scope": "environment"
}
